term,label,definition,exact_synonym
http://purl.obolibrary.org/obo/ECAO_0100350,echinoderm anatomy,Biological entity that is either an individual member of a biological species or constitutes the structural organization of an individual member of a biological species.,
http://purl.obolibrary.org/obo/ECAO_0100351,anatomical structure,Material anatomical entity that has inherent 3D shape and is generated by coordinated expression of the organism's own genome,
http://purl.obolibrary.org/obo/ECAO_0100352,anatomical system,"A system that has as its parts distinct anatomical structures interconnected by anatomical structures at a lower level of granularity. Multicellular, connected anatomical structure that has multiple organs as parts and whose parts work together to achieve some shared function","organ system, connected anatomical system, body system"
http://purl.obolibrary.org/obo/ECAO_0100353,whole organism,Anatomical structure that is an individual member of a species and consists of one cell or more,
http://purl.obolibrary.org/obo/ECAO_0100354,anatomical region,A region of the whole organism without well-defined compartmental boundaries,organism subdivision
http://purl.obolibrary.org/obo/ECAO_0100355,anatomical space,,
http://purl.obolibrary.org/obo/ECAO_0100356,embryo,"Anatomical entity that comprises the animal in the early stages of growth and differentiation that are characterized by cleavage, the laying down of fundamental tissues, and the formation of primitive organs and organ systems",
http://purl.obolibrary.org/obo/ECAO_0100357,larva,,
http://purl.obolibrary.org/obo/ECAO_0100358,juvenile,,
http://purl.obolibrary.org/obo/ECAO_0100359,adult,,
http://purl.obolibrary.org/obo/ECAO_0100360,pre-metamorphic individual,,
http://purl.obolibrary.org/obo/ECAO_0100361,multicellular organism,Anatomical structure that is an individual member of a species and consists of more than one cell,
http://purl.obolibrary.org/obo/ECAO_0100362,digestive system,"Anatomical system that has as its parts the organs devoted to the ingestion, digestion, and assimilation of food and the discharge of residual wastes.",
http://purl.obolibrary.org/obo/ECAO_0100363,embryonic digestive system,The gastrointestinal tract that is being formed during embryonic development starting with the formation of the primitive gut tube (or archenteron),
http://purl.obolibrary.org/obo/ECAO_0100364,larval digestive system,Organ system responsible for the food uptake and processing in the larva,
http://purl.obolibrary.org/obo/ECAO_0100365,adult digestive system,Anatomical system that processes ingested substances in the adult,
http://purl.obolibrary.org/obo/ECAO_0100366,immune system,,
http://purl.obolibrary.org/obo/ECAO_0100367,embryo immune system,,
http://purl.obolibrary.org/obo/ECAO_0100368,larval immune system,,
http://purl.obolibrary.org/obo/ECAO_0100369,adult immune system,,
http://purl.obolibrary.org/obo/ECAO_0100370,reproductive system,"Anatomical system that has as its parts the organs concerned with reproduction, i.e. the male and female gonads.",
http://purl.obolibrary.org/obo/ECAO_0100371,nervous system,,
http://purl.obolibrary.org/obo/ECAO_0100372,embryonic nervous system,The sum of all the structures in the embryo that will develop into the larval nervous system,
http://purl.obolibrary.org/obo/ECAO_0100373,larval nervous system,The sum of all the neural structures present in the larva,
http://purl.obolibrary.org/obo/ECAO_0100374,adult nervous system,,
http://purl.obolibrary.org/obo/ECAO_0100375,muscular system,,
http://purl.obolibrary.org/obo/ECAO_0100376,larval muscular system,,
http://purl.obolibrary.org/obo/ECAO_0100377,adult muscular system,,
http://purl.obolibrary.org/obo/ECAO_0100378,endoskeleton,"Internal support structure of an animal composed of mineralized tissue. It gives shape, support and protection to the body.",
http://purl.obolibrary.org/obo/ECAO_0100379,embryonic endoskeleton,,
http://purl.obolibrary.org/obo/ECAO_0100380,larval endoskeleton,,
http://purl.obolibrary.org/obo/ECAO_0100381,rudiment endoskeleton,,skeletal rudiment
http://purl.obolibrary.org/obo/ECAO_0100382,adult endoskeleton,,
http://purl.obolibrary.org/obo/ECAO_0100383,water vascular system,"The water vascular system is a hydraulic system used by sea urchins for locomotion, food and waste transportation, and respiration. The system is composed of canals connecting numerous tube feet. ",
http://purl.obolibrary.org/obo/ECAO_0100384,hemal system,The hemal system contains the blood. It is composed of a complex network of vessels mainly located around the gut.,haemal system
http://purl.obolibrary.org/obo/ECAO_0100385,animal hemisphere,"Anatomical region that corresponds to the upper half of the embryo, which later is composed of the mesomeres, and ultimately encompasses the presumptive ectoderm","animal half, upper half, upper hemisphere"
http://purl.obolibrary.org/obo/ECAO_0100386,vegetal hemisphere,"Anatomical region that corresponds to the lower half of the embryo, which later is composed of the macromeres and the micromeres, and ultimately encompasses the endoderm and mesoderm","vegetal half, lower half, lower hemisphere"
http://purl.obolibrary.org/obo/ECAO_0100387,cell cortex,,
http://purl.obolibrary.org/obo/ECAO_0100388,cleavage furrow,,
http://purl.obolibrary.org/obo/ECAO_0100389,animal cortex,Cell component comprising the outermost layer of the animal region of the oocyte. It consists of a phospholipid bilayer and associated proteins,
http://purl.obolibrary.org/obo/ECAO_0100390,vegetal cortex,Cell component comprising the outermost layer of the vegetal region of the oocyte. It consists of a phospholipid bilayer and associated proteins,
http://purl.obolibrary.org/obo/ECAO_0100391,animal pole,The apical region of the animal hemisphere,
http://purl.obolibrary.org/obo/ECAO_0100392,vegetal pole,The apical most region of the vegetal hemisphere. Once cleavages have started the vegetal pole is characterized by the presence of the micromeres initially and then that of the small micromeres,
http://purl.obolibrary.org/obo/ECAO_0100393,animal pole domain ,,"apical pole domain, apical plate, animal plate, neurogenic ectoderm, anterior neuroectoderm"
http://purl.obolibrary.org/obo/ECAO_0100394,blastopore,,
http://purl.obolibrary.org/obo/ECAO_0100395,blastopore lip,,
http://purl.obolibrary.org/obo/ECAO_0100396,bottle cell,,
http://purl.obolibrary.org/obo/ECAO_0100397,embryonic cell,,
http://purl.obolibrary.org/obo/ECAO_0100398,vegetal plate,,
http://purl.obolibrary.org/obo/ECAO_0100399,cell,Anatomical structure that has as its parts a maximally connected cell compartment surrounded by a plasma membrane,
http://purl.obolibrary.org/obo/ECAO_0100400,cell part,Anatomical structure that is part of a cell and that has a granularity level equal to that of a protein complex or higher.,
http://purl.obolibrary.org/obo/ECAO_0100401,organ,,
http://purl.obolibrary.org/obo/ECAO_0100402,digestive system element,Any of the organs or elements that are part of the digestive system,
http://purl.obolibrary.org/obo/ECAO_0100403,skeletal element,,
http://purl.obolibrary.org/obo/ECAO_0100404,embryonic structure,,
http://purl.obolibrary.org/obo/ECAO_0100405,larval structure,,
http://purl.obolibrary.org/obo/ECAO_0100406,adult structure,,
http://purl.obolibrary.org/obo/ECAO_0100407,tissue,,
http://purl.obolibrary.org/obo/ECAO_0100408,rudiment,,"adult rudiment, imaginal adult rudiment"
http://purl.obolibrary.org/obo/ECAO_0100409,rudiment structure,,
http://purl.obolibrary.org/obo/ECAO_0100410,non-rudiment adult structure,,
http://purl.obolibrary.org/obo/ECAO_0100411,microtubule,,
http://purl.obolibrary.org/obo/ECAO_0100412,nucleus,"A membrane-bounded organelle of in which chromosomes are housed and replicated. In most cells, it contains all of the cell's chromosomes except the organellar chromosomes, and is the site of RNA synthesis and processing. In some specialized cell types, RNA metabolism or DNA replication may be absent",
http://purl.obolibrary.org/obo/ECAO_0100413,germinal vesicle,"The enlarged, fluid filled nucleus of a primary oocyte, the development of which is suspended in prophase I of the first meiotic division between embryohood and sexual maturity",
http://purl.obolibrary.org/obo/ECAO_0100414,equatorial pigment band,"The subequatorial accumulation of pigment granules (the so-called âpigment bandâ) in eggs or early stage embryos, which constitutes an unambiguous marker of animal-vegetal polarity","pigment band, pigmented band"
http://purl.obolibrary.org/obo/ECAO_0100415,cytoplasm,"All of the contents of a cell excluding the plasma membrane and nucleus, but including other subcellular structures",
http://purl.obolibrary.org/obo/ECAO_0100416,centrosome,,
http://purl.obolibrary.org/obo/ECAO_0100417,mitotic spindle,,
http://purl.obolibrary.org/obo/ECAO_0100418,meiotic spindle,,
http://purl.obolibrary.org/obo/ECAO_0100419,fertilization envelope,A structure that lies outside the plasma membrane and surrounds the egg. The fertilization envelope forms from the vitelline membrane after fertilization as a result of cortical granule release,fertilization membrane
http://purl.obolibrary.org/obo/ECAO_0100420,cytoskeleton,,
http://purl.obolibrary.org/obo/ECAO_0100421,cytoskeletal part,,
http://purl.obolibrary.org/obo/ECAO_0100422,sperm aster,,spermatozoid aster
http://purl.obolibrary.org/obo/ECAO_0100423,aster,,"spindle aster, mitotic aster"
http://purl.obolibrary.org/obo/ECAO_0100424,acellular membrane,,
http://purl.obolibrary.org/obo/ECAO_0100425,vitelline membrane,,"vitelline layer, vitelline envelope"
http://purl.obolibrary.org/obo/ECAO_0100426,intracellular part,,
http://purl.obolibrary.org/obo/ECAO_0100427,extracellular region,,
http://purl.obolibrary.org/obo/ECAO_0100428,extracellular matrix,,
http://purl.obolibrary.org/obo/ECAO_0100429,hyaline layer,,hyaline membrane
http://purl.obolibrary.org/obo/ECAO_0100430,microvillus,,
http://purl.obolibrary.org/obo/ECAO_0100431,apical lamina,,fibropellin layer
http://purl.obolibrary.org/obo/ECAO_0100432,secretory vesicle,,
http://purl.obolibrary.org/obo/ECAO_0100433,cilium,,
http://purl.obolibrary.org/obo/ECAO_0100434,filopodium,,
http://purl.obolibrary.org/obo/ECAO_0100435,basal lamina,,
http://purl.obolibrary.org/obo/ECAO_0100436,basal laminar vesicle,,"basal lamina vesicle, basal vesicle"
http://purl.obolibrary.org/obo/ECAO_0100437,apical vesicle,,
http://purl.obolibrary.org/obo/ECAO_0100438,secretory granule,,
http://purl.obolibrary.org/obo/ECAO_0100439,cortical granule,,cortical vesicle
http://purl.obolibrary.org/obo/ECAO_0100440,echinonectin granule,,nectosome
http://purl.obolibrary.org/obo/ECAO_0100441,mitochondrion,,
http://purl.obolibrary.org/obo/ECAO_0100442,actin cytoskeleton,,
http://purl.obolibrary.org/obo/ECAO_0100443,actin filament,,"microfilament, F-actin filament"
http://purl.obolibrary.org/obo/ECAO_0100444,nuclear part,,
http://purl.obolibrary.org/obo/ECAO_0100445,nucleoplasm,,
http://purl.obolibrary.org/obo/ECAO_0100446,nuclear envelope,,
http://purl.obolibrary.org/obo/ECAO_0100447,endoplasmic reticulum,,
http://purl.obolibrary.org/obo/ECAO_0100448,spermatozoid entry point,,
http://purl.obolibrary.org/obo/ECAO_0100449,plasma membrane,,cell membrane
http://purl.obolibrary.org/obo/ECAO_0100450,polar body,A small cell formed by the meiotic division of an oocyte,
http://purl.obolibrary.org/obo/ECAO_0100451,spermatozoid part,,sperm part
http://purl.obolibrary.org/obo/ECAO_0100452,spermatozoid head,The part of the late spermatid or spermatozoon that contains the nucleus and acrosome.,
http://purl.obolibrary.org/obo/ECAO_0100453,spermatozoid flagellum,"A microtubule-based flagellum (or cilium) that is part of a sperm, a mature male germ cell that develops from a spermatid",sperm tail
http://purl.obolibrary.org/obo/ECAO_0100454,acrosomal vesicle,An organelle that develops over the anterior half of the head in the spermatozoa,acrosome
http://purl.obolibrary.org/obo/ECAO_0100455,presumptive primordial germ cell,,
http://purl.obolibrary.org/obo/ECAO_0100456,primordial germ cell,,gamete
http://purl.obolibrary.org/obo/ECAO_0100457,oocyte,A female haploid germ cell.,
http://purl.obolibrary.org/obo/ECAO_0100458,immature occyte,,immature egg
http://purl.obolibrary.org/obo/ECAO_0100459,mature oocyte,A mature female gamet that has entered meiosis.,"egg, unfertilized egg, female gamete, female germ cell"
http://purl.obolibrary.org/obo/ECAO_0100460,spermatozoid,A mature male germ cell ,"sperm, spermatozoa, spermatozoan, male gamete, mature sperm cell"
http://purl.obolibrary.org/obo/ECAO_0100461,early embryonic cell,,
http://purl.obolibrary.org/obo/ECAO_0100462,blastomere, An undifferentiated cell produced by early cleavages of the fertilized egg (zygote),blastoderm cell
http://purl.obolibrary.org/obo/ECAO_0100463,blastomere of 2-cell embryo,,
http://purl.obolibrary.org/obo/ECAO_0100464,blastomere of 4-cell embryo,,
http://purl.obolibrary.org/obo/ECAO_0100465,mesomere,Intermediate size blastomere forming the animal hemisphere of the cleaving embryo,mesomeres
http://purl.obolibrary.org/obo/ECAO_0100466,macromere,Larger blastomere of the vegetal hemisphere of the cleaving embryo located below the equator,macromeres
http://purl.obolibrary.org/obo/ECAO_0100467,macromere daughter cell tier,,
http://purl.obolibrary.org/obo/ECAO_0100468,micromere,Small blastomere of the vegetal hemisphere of the cleaving embryo located at to the vegetal pole,micromeres
http://purl.obolibrary.org/obo/ECAO_0100469,large micromere,,
http://purl.obolibrary.org/obo/ECAO_0100470,large micromere descendant cell,,"large micromere progeny, presumptive PMC, presumptive skeletogenic mesenchyme cell, presumptive primary mesenchyme cell"
http://purl.obolibrary.org/obo/ECAO_0100471,small micromere,,SM
http://purl.obolibrary.org/obo/ECAO_0100472,small micromere descendant cell,,presumptive primordial germ cell
http://purl.obolibrary.org/obo/ECAO_0100473,presumptive neuron,A progenitor cell of the nervous system that will develop into a neuron,neuronal progenitor cell
http://purl.obolibrary.org/obo/ECAO_0100474,animal pole domain presumptive neuron,,"apical pole domain presumptive neuron, animal pole domain neuronal progenitor cell"
http://purl.obolibrary.org/obo/ECAO_0100475,oral hood presumptive neuron,,oral hood neuronal progenitor cell
http://purl.obolibrary.org/obo/ECAO_0100476,ectoderm presumptive neuron,,ectoderm neuronal progenitor cell
http://purl.obolibrary.org/obo/ECAO_0100477,ciliary band presumptive neuron,,ciliary band neuronal progenitor cell
http://purl.obolibrary.org/obo/ECAO_0100478,endoderm associated presumptive neuron,,endoderm associated neuronal progenitor cell
http://purl.obolibrary.org/obo/ECAO_0100479,neuron,,nerve cell
http://purl.obolibrary.org/obo/ECAO_0100480,larval neuron,,
http://purl.obolibrary.org/obo/ECAO_0100481,serotonergic neuron,,
http://purl.obolibrary.org/obo/ECAO_0100482,dopaminergic neuron,,
http://purl.obolibrary.org/obo/ECAO_0100483,GABAergic neuron,,
http://purl.obolibrary.org/obo/ECAO_0100484,sensory neuron,,sensory cell
http://purl.obolibrary.org/obo/ECAO_0100485,biopolar neuron,,
http://purl.obolibrary.org/obo/ECAO_0100486,multipolar neuron,,
http://purl.obolibrary.org/obo/ECAO_0100487,axon tract,,"axonal tract, axon bundle"
http://purl.obolibrary.org/obo/ECAO_0100488,neural structure,,neuronal structure
http://purl.obolibrary.org/obo/ECAO_0100489,ciliary band neuron,,peripheral neuron
http://purl.obolibrary.org/obo/ECAO_0100490,oral hood neuron,,
http://purl.obolibrary.org/obo/ECAO_0100491,presumptive ciliary band cell,,
http://purl.obolibrary.org/obo/ECAO_0100492,endoderm associated neuron,,
http://purl.obolibrary.org/obo/ECAO_0100493,ganglion,,
http://purl.obolibrary.org/obo/ECAO_0100494,apical ganglion,,apical organ
http://purl.obolibrary.org/obo/ECAO_0100495,adult neuron,,
http://purl.obolibrary.org/obo/ECAO_0100496,nerve ring,,
http://purl.obolibrary.org/obo/ECAO_0100497,enteric nerve plexus,,"enteric plexus, digestive nerve plexus"
http://purl.obolibrary.org/obo/ECAO_0100498,radial nerve cord,,
http://purl.obolibrary.org/obo/ECAO_0100499,basiepidermal nerve plexus,,
http://purl.obolibrary.org/obo/ECAO_0100500,primary podia associated neuron,,
http://purl.obolibrary.org/obo/ECAO_0100501,spine associated neuron,,
http://purl.obolibrary.org/obo/ECAO_0100502,pedicellaria associated neuron,,
http://purl.obolibrary.org/obo/ECAO_0100503,cell tier,,blastomere tier
http://purl.obolibrary.org/obo/ECAO_0100504,animal quartet,Group of four cells of equal size forming the animal hemisphere of an eight-cell stage embryo,
http://purl.obolibrary.org/obo/ECAO_0100505,vegetal quartet,Group of four cells of equal size forming the vegetal hemisphere of an eight-cell stage embryo,
http://purl.obolibrary.org/obo/ECAO_0100506,animal tier 1,,an1
http://purl.obolibrary.org/obo/ECAO_0100507,animal tier 2 ,,an2
http://purl.obolibrary.org/obo/ECAO_0100508,vegetal tier 1 ,,"veg1, ectoendoderm"
http://purl.obolibrary.org/obo/ECAO_0100509,vegetal tier 2 ,,"veg2, endomesoderm"
http://purl.obolibrary.org/obo/ECAO_0100510,vegetal tier 1 upper,,"veg1U, veg1 upper, presumptive vegetal ectoderm"
http://purl.obolibrary.org/obo/ECAO_0100511,vegetal tier 1 lower,,"veg1L, veg1 lower"
http://purl.obolibrary.org/obo/ECAO_0100512,vegetal tier 2 upper,,"veg2U, veg2 upper"
http://purl.obolibrary.org/obo/ECAO_0100513,vegetal tier 2 lower,,"veg2L, veg2 lower, presumptive non-skeletogenic mesoderm"
http://purl.obolibrary.org/obo/ECAO_0100514,germ layer,,"primary germ layer, embryonic germ layer"
http://purl.obolibrary.org/obo/ECAO_0100515,presumptive ectoderm,,
http://purl.obolibrary.org/obo/ECAO_0100516,ectoderm,Primary germ layer that is the outer of the embryo's three germ layers and gives rise to epidermis and neural tissue.,
http://purl.obolibrary.org/obo/ECAO_0100517,oral ectoderm,,
http://purl.obolibrary.org/obo/ECAO_0100518,aboral ectoderm,,
http://purl.obolibrary.org/obo/ECAO_0100519,animal ectoderm,,
http://purl.obolibrary.org/obo/ECAO_0100520,vegetal ectoderm,,
http://purl.obolibrary.org/obo/ECAO_0100521,ventral ectoderm,,
http://purl.obolibrary.org/obo/ECAO_0100522,dorsal ectoderm,,
http://purl.obolibrary.org/obo/ECAO_0100523,ectoendoderm,,"vegetal tier 1, veg1"
http://purl.obolibrary.org/obo/ECAO_0100524,endomesoderm,,"vegetal tier 2, veg2, mesoendoderm"
http://purl.obolibrary.org/obo/ECAO_0100525,inner animal pole domain,,inner apical pole domain
http://purl.obolibrary.org/obo/ECAO_0100526,outer animal pole domain,,outer apical pole domain
http://purl.obolibrary.org/obo/ECAO_0100527,central ectoderm,,
http://purl.obolibrary.org/obo/ECAO_0100528,border ectoderm,,BE
http://purl.obolibrary.org/obo/ECAO_0100529,near-apical ectoderm,,
http://purl.obolibrary.org/obo/ECAO_0100530,apical ectoderm,,
http://purl.obolibrary.org/obo/ECAO_0100531,posterior ectoderm,,
http://purl.obolibrary.org/obo/ECAO_0100532,veg1-lateral ectoderm,,
http://purl.obolibrary.org/obo/ECAO_0100533,veg-1 oral ectoderm,,
http://purl.obolibrary.org/obo/ECAO_0100534,lateral ectoderm,,
http://purl.obolibrary.org/obo/ECAO_0100535,right lateral ectoderm,,
http://purl.obolibrary.org/obo/ECAO_0100536,left lateral ectoderm,,
http://purl.obolibrary.org/obo/ECAO_0100537,arm tip ectoderm,,
http://purl.obolibrary.org/obo/ECAO_0100538,dorsal arm tip ectoderm,,
http://purl.obolibrary.org/obo/ECAO_0100539,ventral arm tip ectoderm,,
http://purl.obolibrary.org/obo/ECAO_0100540,apical tuft,,
http://purl.obolibrary.org/obo/ECAO_0100541,embryonic tissue,,
http://purl.obolibrary.org/obo/ECAO_0100542,larval tissue,,
http://purl.obolibrary.org/obo/ECAO_0100543,adult tissue,,
http://purl.obolibrary.org/obo/ECAO_0100544,stomodeum,,presumptive mouth
http://purl.obolibrary.org/obo/ECAO_0100545,ciliary band,,
http://purl.obolibrary.org/obo/ECAO_0100546,oral hood ciliary band,,
http://purl.obolibrary.org/obo/ECAO_0100547,arm ciliary band,,
http://purl.obolibrary.org/obo/ECAO_0100548,vegetal ciliary band,,
http://purl.obolibrary.org/obo/ECAO_0100549,lateral ciliary band,,
http://purl.obolibrary.org/obo/ECAO_0100550,oral hood,,"oh, preoral lobe, PL"
http://purl.obolibrary.org/obo/ECAO_0100551,apex,,
http://purl.obolibrary.org/obo/ECAO_0100552,larval arm,,
http://purl.obolibrary.org/obo/ECAO_0100553,right anterolateral arm,,"AL, ALA"
http://purl.obolibrary.org/obo/ECAO_0100554,left anterolateral arm,,"AL, ALA"
http://purl.obolibrary.org/obo/ECAO_0100555,right postoral arm,,PO
http://purl.obolibrary.org/obo/ECAO_0100556,left postoral arm,,PO
http://purl.obolibrary.org/obo/ECAO_0100557,right posterodorsal arm,,PD
http://purl.obolibrary.org/obo/ECAO_0100558,left posterodorsal arm,,PD
http://purl.obolibrary.org/obo/ECAO_0100559,right preoral arm,,"PR, PRO"
http://purl.obolibrary.org/obo/ECAO_0100560,left preoral arm,,"PR, PRO"
http://purl.obolibrary.org/obo/ECAO_0100561,spicule granule,,spicule dot
http://purl.obolibrary.org/obo/ECAO_0100562,spicule rudiment,,spicule primordium
http://purl.obolibrary.org/obo/ECAO_0100563,triradiate spicule rudiment,,triradiate spicule
http://purl.obolibrary.org/obo/ECAO_0100564,hexaradiate spicule rudiment ,,hexaradiate spicule
http://purl.obolibrary.org/obo/ECAO_0100565,embryonic spicule,,
http://purl.obolibrary.org/obo/ECAO_0100566,larval spicule,"A triradiate or hexaradiate minute calcareous skeletal element that initiates most if not all skeletal structures found within the sea urchin embryo, larva and adult.",primary triradiate skeletal rudiment
http://purl.obolibrary.org/obo/ECAO_0100567,triradiate embryonic spicule,,
http://purl.obolibrary.org/obo/ECAO_0100568,triradiate larval spicule,,
http://purl.obolibrary.org/obo/ECAO_0100569,skeletal rod,,spicule rod
http://purl.obolibrary.org/obo/ECAO_0100570,anonymous rod,,
http://purl.obolibrary.org/obo/ECAO_0100571,right anterolateral rod,,
http://purl.obolibrary.org/obo/ECAO_0100572,left anterolateral rod,,
http://purl.obolibrary.org/obo/ECAO_0100573,right postoral rod,,
http://purl.obolibrary.org/obo/ECAO_0100574,left postoral rod,,
http://purl.obolibrary.org/obo/ECAO_0100575,right posterodorsal rod,,
http://purl.obolibrary.org/obo/ECAO_0100576,left posterodorsal rod,,
http://purl.obolibrary.org/obo/ECAO_0100577,right preoral rod,,
http://purl.obolibrary.org/obo/ECAO_0100578,left preoral rod,,
http://purl.obolibrary.org/obo/ECAO_0100579,dorsal arch,,
http://purl.obolibrary.org/obo/ECAO_0100580,right dorsoventral connecting rod,,
http://purl.obolibrary.org/obo/ECAO_0100581,left dorsoventral connecting rod,,
http://purl.obolibrary.org/obo/ECAO_0100582,right ventral transverse rod,,
http://purl.obolibrary.org/obo/ECAO_0100583,left ventral transverse rod,,
http://purl.obolibrary.org/obo/ECAO_0100584,scheitel,,body rod end
http://purl.obolibrary.org/obo/ECAO_0100585,body rod,,
http://purl.obolibrary.org/obo/ECAO_0100586,left body rod,,
http://purl.obolibrary.org/obo/ECAO_0100587,right body rod,,
http://purl.obolibrary.org/obo/ECAO_0100588,right recurrent rod,,
http://purl.obolibrary.org/obo/ECAO_0100589,left recurrent rod,,
http://purl.obolibrary.org/obo/ECAO_0100590,right anteroventral transverse rod,,
http://purl.obolibrary.org/obo/ECAO_0100591,left anteroventral transverse rod,,
http://purl.obolibrary.org/obo/ECAO_0100592,right anterodorsal transverse rod,,
http://purl.obolibrary.org/obo/ECAO_0100593,left anterodorsal transverse rod,,
http://purl.obolibrary.org/obo/ECAO_0100594,mouth,,
http://purl.obolibrary.org/obo/ECAO_0100595,larval mouth,,
http://purl.obolibrary.org/obo/ECAO_0100596,anus,,
http://purl.obolibrary.org/obo/ECAO_0100597,larval anus,,
http://purl.obolibrary.org/obo/ECAO_0100598,presumptive endoderm,,prospective endoderm
http://purl.obolibrary.org/obo/ECAO_0100599,endoderm,,
http://purl.obolibrary.org/obo/ECAO_0100600,archenteron,,developing digestive tract
http://purl.obolibrary.org/obo/ECAO_0100601,hindgut,,
http://purl.obolibrary.org/obo/ECAO_0100602,dorsal hindgut,,
http://purl.obolibrary.org/obo/ECAO_0100603,ventral hindgut,,
http://purl.obolibrary.org/obo/ECAO_0100604,midgut,,
http://purl.obolibrary.org/obo/ECAO_0100605,ventral midgut,,
http://purl.obolibrary.org/obo/ECAO_0100606,dorsal midgut,,
http://purl.obolibrary.org/obo/ECAO_0100607,anterior midgut,,
http://purl.obolibrary.org/obo/ECAO_0100608,posterior midgut,,
http://purl.obolibrary.org/obo/ECAO_0100609,anterior hindgut,,
http://purl.obolibrary.org/obo/ECAO_0100610,posterior hindgut,,
http://purl.obolibrary.org/obo/ECAO_0100611,foregut,,tip of the digestive tract
http://purl.obolibrary.org/obo/ECAO_0100612,ventral foregut,,
http://purl.obolibrary.org/obo/ECAO_0100613,dorsal foregut,,
http://purl.obolibrary.org/obo/ECAO_0100614,anterior foregut,,
http://purl.obolibrary.org/obo/ECAO_0100615,posterior foregut,,
http://purl.obolibrary.org/obo/ECAO_0100616,tip of archenteron,,archenteron roof
http://purl.obolibrary.org/obo/ECAO_0100617,presumptive mesoderm,,prospective mesoderm
http://purl.obolibrary.org/obo/ECAO_0100618,mesoderm,,
http://purl.obolibrary.org/obo/ECAO_0100619,skeletogenic mesoderm,The subset of the mesoderm that will give rise to the skeletal elements.,
http://purl.obolibrary.org/obo/ECAO_0100620,skeletogenic mesenchyme,Skeletogenic mesenchyme is the tissue made up of loosely connected mesoderm cells. It is located in the blastocoel and will produce all of the skeletal elements.,"SM, primary mesenchyme"
http://purl.obolibrary.org/obo/ECAO_0100621,skeletogenic mesenchyme cell,,"PMC, primary mesenchyme cell"
http://purl.obolibrary.org/obo/ECAO_0100622,syncytium,,"multinucleate cell, multinucleated cell, syncytium, syncytial cell"
http://purl.obolibrary.org/obo/ECAO_0100623,skeletogenic mesenchyme syncytium,Anatomical structure composed of skeletogenic mesenchyme cells that have fused to form a single syncytial network.,
http://purl.obolibrary.org/obo/ECAO_0100624,subequatorial skeletogenic mesenchyme ring,,"SM ring, subequatorial SM ring, PMC ring, subequatorial PMC ring, primary mesenchyme cell ring, subequatorial primary mesenchyme cell ring"
http://purl.obolibrary.org/obo/ECAO_0100625,ventral skeletogenic mesenchyme chain,Subpopulation of skeletogenic mesenchyme forming a chain on the oral (i.e. ventral) side of the embryo.,
http://purl.obolibrary.org/obo/ECAO_0100626,dorsal skeletogenic mesenchyme chain,Subpopulation of skeletogenic mesenchyme forming a chain on the aboral (i.e. dorsal) side of the embryo.,
http://purl.obolibrary.org/obo/ECAO_0100627,ventrolateral skeletogenic mesenchyme cluster,Subpopulation of skeletogenic mesenchyme forming a cluster (i.e. a group of cells) in the ventrolateral region of the embryo.,
http://purl.obolibrary.org/obo/ECAO_0100628,lateral chains of skeletogenic mesenchyme,"Subpopulation of skeletogenic mesenchyme forming a chain on either side of the developing digestive tract, along the blastocoel wall and towards the animal pole.",
http://purl.obolibrary.org/obo/ECAO_0100629,right lateral chain of skeletogenic mesenchyme,Subpopulation of skeletogenic mesenchyme forming a chain along the blastocoel wall towards the animal pole on the right side of the embryo.,
http://purl.obolibrary.org/obo/ECAO_0100630,left lateral chain of skeletogenic mesenchyme,Subpopulation of skeletogenic mesenchyme forming a chain along the blastocoel wall towards the animal pole on the left side of the embryo.,
http://purl.obolibrary.org/obo/ECAO_0100631,non-skeletogenic mesoderm,,
http://purl.obolibrary.org/obo/ECAO_0100632,ventral non-skeletogenic mesoderm,,
http://purl.obolibrary.org/obo/ECAO_0100633,dorsal non-skeletogenic mesoderm,,
http://purl.obolibrary.org/obo/ECAO_0100634,non-skeletogenic mesenchyme,,"secondary mesenchyme, NSM"
http://purl.obolibrary.org/obo/ECAO_0100635,non-skeletogenic mesenchyme cell,,"SMC, secondary mesenchyme cell"
http://purl.obolibrary.org/obo/ECAO_0100636,presumptive blastocoelar cell,,
http://purl.obolibrary.org/obo/ECAO_0100637,presumptive pigment cell,,"presumptive pigmented cell, presumptive immunocyte"
http://purl.obolibrary.org/obo/ECAO_0100638,pigment cell,a cell that contains red coloring matter,"pigmented cell, pigmented immunocyte"
http://purl.obolibrary.org/obo/ECAO_0100639,embryonic pigment cell,,
http://purl.obolibrary.org/obo/ECAO_0100640,larval pigment cell,,
http://purl.obolibrary.org/obo/ECAO_0100641,adult pigment cell,,
http://purl.obolibrary.org/obo/ECAO_0100642,blastocoelar cell,,
http://purl.obolibrary.org/obo/ECAO_0100643,globular cell,,
http://purl.obolibrary.org/obo/ECAO_0100644,filopodial cell,,
http://purl.obolibrary.org/obo/ECAO_0100645,ovoid cell,,
http://purl.obolibrary.org/obo/ECAO_0100646,amoeboid cell,,
http://purl.obolibrary.org/obo/ECAO_0100647,muscle precursor cell,,presumptive muscle cell
http://purl.obolibrary.org/obo/ECAO_0100648,larval muscle,,contractile muscle
http://purl.obolibrary.org/obo/ECAO_0100649,adult muscle,,
http://purl.obolibrary.org/obo/ECAO_0100650,blastocoel,,
http://purl.obolibrary.org/obo/ECAO_0100651,sphincter,,
http://purl.obolibrary.org/obo/ECAO_0100652,pyloric sphincter,,midgut-hindgut constriction
http://purl.obolibrary.org/obo/ECAO_0100653,cardiac sphincter,,foregut-midgut constriction
http://purl.obolibrary.org/obo/ECAO_0100654,anal sphincter,,hindgut-ectoderm constriction
http://purl.obolibrary.org/obo/ECAO_0100655,sphincter muscle cell,,"sphincter muscle cell, myoepithelial cell"
http://purl.obolibrary.org/obo/ECAO_0100656,sphincter muscle,,sphincteric muscle
http://purl.obolibrary.org/obo/ECAO_0100657,pyloric sphincteric muscle,,pyloric sphincter
http://purl.obolibrary.org/obo/ECAO_0100658,cardiac sphincteric muscle,,cardiac sphincter
http://purl.obolibrary.org/obo/ECAO_0100659,anal sphincteric muscle,,anal sphincter
http://purl.obolibrary.org/obo/ECAO_0100660,larval esophagus,,
http://purl.obolibrary.org/obo/ECAO_0100661,circumesophageal muscle precursor cell,,presumptive circumesophageal muscle cell
http://purl.obolibrary.org/obo/ECAO_0100662,circumesophageal muscle,,
http://purl.obolibrary.org/obo/ECAO_0100663,larval stomach,,
http://purl.obolibrary.org/obo/ECAO_0100664,larval intestine,,
http://purl.obolibrary.org/obo/ECAO_0100665,coelom,,
http://purl.obolibrary.org/obo/ECAO_0100666,unpaired coelomic pouch,,unpaired coelomic rudiment
http://purl.obolibrary.org/obo/ECAO_0100667,right coelomic pouch ,,
http://purl.obolibrary.org/obo/ECAO_0100668,left coelomic pouch ,,left coelomic sac
http://purl.obolibrary.org/obo/ECAO_0100669,right coelomic constriction,,
http://purl.obolibrary.org/obo/ECAO_0100670,left coelomic constriction,,
http://purl.obolibrary.org/obo/ECAO_0100671,vestibule,,amniotic sac
http://purl.obolibrary.org/obo/ECAO_0100672,oral epithelium,,"oral epidermis, circumoral epithelium, circumoral ectoderm"
http://purl.obolibrary.org/obo/ECAO_0100673,aboral epithelium,,
http://purl.obolibrary.org/obo/ECAO_0100674,vestibular pore,Opening located in the left lateral field,
http://purl.obolibrary.org/obo/ECAO_0100675,left axocoel,,
http://purl.obolibrary.org/obo/ECAO_0100676,axial coelom,,
http://purl.obolibrary.org/obo/ECAO_0100677,hydrocoel,,central coelom
http://purl.obolibrary.org/obo/ECAO_0100678,axocoel,,anterior coelom
http://purl.obolibrary.org/obo/ECAO_0100679,somatocoel,,posterior coelom
http://purl.obolibrary.org/obo/ECAO_0100680,left hydrocoel,,
http://purl.obolibrary.org/obo/ECAO_0100681,left somatocoel,,
http://purl.obolibrary.org/obo/ECAO_0100682,right axohydrocoel,,anterior sac
http://purl.obolibrary.org/obo/ECAO_0100683,right somatocoel,,
http://purl.obolibrary.org/obo/ECAO_0100684,stone canal,,
http://purl.obolibrary.org/obo/ECAO_0100685,ring canal,,
http://purl.obolibrary.org/obo/ECAO_0100686,radial canal,,
http://purl.obolibrary.org/obo/ECAO_0100687,hydropore,,
http://purl.obolibrary.org/obo/ECAO_0100688,right axocoel,,
http://purl.obolibrary.org/obo/ECAO_0100689,right hydrocoel,,
http://purl.obolibrary.org/obo/ECAO_0100690,axial sinus,,
http://purl.obolibrary.org/obo/ECAO_0100691,primary pore canal,,hydropore canal
http://purl.obolibrary.org/obo/ECAO_0100692,axial organ,,
http://purl.obolibrary.org/obo/ECAO_0100693,ciliated epaulette,,
http://purl.obolibrary.org/obo/ECAO_0100694,anterior ciliated epaulette,,
http://purl.obolibrary.org/obo/ECAO_0100695,posterior ciliated epaulette,,
http://purl.obolibrary.org/obo/ECAO_0100696,lateral field,The lateral field is located in the aboral ectoderm of the larva. It separates the anterior and posterior pairs of epaulettes,
http://purl.obolibrary.org/obo/ECAO_0100697,left lateral field,The left lateral field is the lateral field located on the left side of the larva,
http://purl.obolibrary.org/obo/ECAO_0100698,right lateral field,The right lateral field is the lateral field located on the right side of the larva,
http://purl.obolibrary.org/obo/ECAO_0100699,larval epidermis,,
http://purl.obolibrary.org/obo/ECAO_0100700,ambulacral plate,,
http://purl.obolibrary.org/obo/ECAO_0100701,interambulacral plate,,int
http://purl.obolibrary.org/obo/ECAO_0100702,ambulacra,,
http://purl.obolibrary.org/obo/ECAO_0100703,interambulacra,,
http://purl.obolibrary.org/obo/ECAO_0100704,genital plate,,
http://purl.obolibrary.org/obo/ECAO_0100705,appendage,,
http://purl.obolibrary.org/obo/ECAO_0100706,pedicellaria,,
http://purl.obolibrary.org/obo/ECAO_0100707,ocular plate,,terminal plate
http://purl.obolibrary.org/obo/ECAO_0100708,buccal plate,,
http://purl.obolibrary.org/obo/ECAO_0100709,genital plate AB,,
http://purl.obolibrary.org/obo/ECAO_0100710,genital plate BC,,
http://purl.obolibrary.org/obo/ECAO_0100711,genital plate CD,,
http://purl.obolibrary.org/obo/ECAO_0100712,genital plate DE,,
http://purl.obolibrary.org/obo/ECAO_0100713,genital plate EA,,
http://purl.obolibrary.org/obo/ECAO_0100714,podia,,tube foot
http://purl.obolibrary.org/obo/ECAO_0100715,primary podia,,primary tube foot
http://purl.obolibrary.org/obo/ECAO_0100716,disk of primary podia,,
http://purl.obolibrary.org/obo/ECAO_0100717,secondary podia,,secondary tube foot
http://purl.obolibrary.org/obo/ECAO_0100718,disk of secondary podia,,
http://purl.obolibrary.org/obo/ECAO_0100719,spine,,spine appendage
http://purl.obolibrary.org/obo/ECAO_0100720,juvenile spine,,splayed spines 
http://purl.obolibrary.org/obo/ECAO_0100721,definitive spine,,adult spine
http://purl.obolibrary.org/obo/ECAO_0100722,ampulla,,tube foot ampulla
http://purl.obolibrary.org/obo/ECAO_0100723,adult mouth,,
http://purl.obolibrary.org/obo/ECAO_0100724,adult anus,,
http://purl.obolibrary.org/obo/ECAO_0100725,dental sac,,
http://purl.obolibrary.org/obo/ECAO_0100726,tooth,,
http://purl.obolibrary.org/obo/ECAO_0100727,aristotle's lantern,,
http://purl.obolibrary.org/obo/ECAO_0100728,madreporite,,
http://purl.obolibrary.org/obo/ECAO_0100729,gonopore,,genital pore
http://purl.obolibrary.org/obo/ECAO_0100730,gonad,,
http://purl.obolibrary.org/obo/ECAO_0100731,ovary,,
http://purl.obolibrary.org/obo/ECAO_0100732,testis,,
http://purl.obolibrary.org/obo/ECAO_0100733,adult digestive tract,,
http://purl.obolibrary.org/obo/ECAO_0100734,mesentery,,
http://purl.obolibrary.org/obo/ECAO_0100735,sphaeridium,,
http://purl.obolibrary.org/obo/ECAO_0100736,perivisceral cavity,,
http://purl.obolibrary.org/obo/ECAO_0100737,photosensory cell,,photoreceptor cell
